{"resources":["assets/sounds/effects.mp3"],"spritemap":{"bird-1":{"start":0,"end":0.47018140589569163,"loop":false},"bird-10":{"start":2,"end":3.201972789115646,"loop":false},"bird-11":{"start":5,"end":6.153968253968253,"loop":false},"bird-12":{"start":8,"end":8.950566893424035,"loop":false},"bird-2":{"start":10,"end":12.246031746031747,"loop":false},"bird-3":{"start":14,"end":16.134784580498867,"loop":false},"bird-4":{"start":18,"end":18.626848072562357,"loop":false},"bird-5":{"start":20,"end":21.41641723356009,"loop":false},"bird-6":{"start":23,"end":24.277097505668934,"loop":false},"bird-7":{"start":26,"end":26.69795918367347,"loop":false},"bird-8":{"start":28,"end":29.476984126984128,"loop":false},"bird-9":{"start":31,"end":32.34401360544218,"loop":false},"bird-fly":{"start":34,"end":35.60997732426304,"loop":false},"birds-fly":{"start":37,"end":40.457959183673466,"loop":false},"button_click":{"start":42,"end":42.20897959183674,"loop":false},"confetti":{"start":44,"end":47.3027664399093,"loop":false},"hightlight":{"start":49,"end":50.28,"loop":false},"un_hightlight":{"start":52,"end":53.28,"loop":false},"you_lose":{"start":55,"end":57.115918367346936,"loop":false},"you_win":{"start":59,"end":64.25061224489797,"loop":false}}}